nsrrid	ahi_a0h3a	label
200001	6.231691079	1
200002	38.24175824	3
200003	9.372384937	1
200004	5.182724253	1
200005	7.45945946	1
200006	6.666666667	1
200007	15.87969925	2
200008	4.119402985	0
200009	37.55334282	3
200010	2.02166065	0
200011	9.528936743	1
200012	28.69983949	2
200013	18.36477987	2
200014	24.16326531	2
200015	38.48605578	3
200016	12.24489796	1
200017	4.081632653	0
200018	19.0507365	2
200019	2.875816994	0
200020	44.6366782	3
